Continent,Country Name,Country Code,1990,1991,1992,1993,1994,1995,1996,1997,1998,1999,2000,2001,2002,2003,2004,2005,2006,2007,2008,2009,2010,2011,2012,2013,2014,2015,2016,2017,2018,2019,2020,2021,2022
Africa,Burundi,BDI,10.76635514,10.44493769,10.12352025,9.802102804,9.480685358,9.159267913,8.837850467,8.516433022,8.195015576,7.873598131,7.552180685,7.552180685,7.552180685,7.552180685,7.552180685,7.552180685,7.552180685,7.552180685,7.552180685,7.552180685,7.552180685,8.219626168,8.887071651,9.554517134,10.22196262,10.8894081,10.8894081,10.8894081,10.8894081,10.8894081,10.8894081,10.8894081,10.8894081
Africa,Benin,BEN,42.88001064,42.25922313,41.63843562,41.0176481,40.39686059,39.77607308,39.15528556,38.53449805,37.91371054,37.29292302,36.67213551,36.22871586,35.7852962,35.34187655,34.8984569,34.45503725,34.01161759,33.56819794,33.12477829,32.68135864,32.23793899,31.79451933,31.35109968,30.90768003,30.46426038,30.02084072,29.57742107,29.13400142,28.69058177,28.24716211,27.80374246,27.36032281,26.91690316
Africa,Burkina Faso,BFA,28.20394737,28.02116228,27.83837719,27.65559211,27.47280702,27.29002193,27.10723684,26.92445175,26.74166667,26.55888158,26.37609649,26.19334795,26.01059942,25.82785088,25.64510234,25.4623538,25.27960526,25.09685673,24.91410819,24.73135965,24.54861111,24.36578947,24.18296784,24.0001462,23.81732456,23.63450292,23.45175439,23.26900585,23.08625731,22.90350877,22.72076023,22.5380117,22.35526316
Africa,Botswana,BWA,33.17929173,32.97055035,32.76180897,32.5530676,32.34432622,32.13558485,31.92684347,31.71810209,31.50936072,31.30061934,31.09187797,30.88313659,30.67439521,30.46565384,30.25691246,30.04817109,29.83942971,29.63068833,29.42194696,29.21320558,29.00446421,28.79572283,28.58698146,28.37824008,28.1694987,27.96075733,27.75201595,27.54327458,27.3345332,27.12579182,26.91705045,26.70830907,26.4995677
Africa,Central African Republic,CAF,37.24517641,37.19702077,37.14886513,37.10070949,37.05255385,37.00439822,36.95624258,36.90808694,36.8599313,36.81177566,36.76362002,36.71546438,36.66730874,36.6191531,36.57099746,36.52284182,36.47468619,36.42653055,36.37837491,36.33021927,36.28206363,36.23390799,36.18575235,36.13759671,36.08944107,36.04128543,35.9931298,35.94497416,35.89681852,35.84866288,35.80050724,35.7523516,35.70419596
Africa,Cameroon,CMR,47.597893,47.40697045,47.21604789,47.02512534,46.83420279,46.64328024,46.45235768,46.26143513,46.07051258,45.87959002,45.68866747,45.54121766,45.39376785,45.24631804,45.09886823,44.95141842,44.80396861,44.6565188,44.50906899,44.36161917,44.21416936,44.0957035,43.97723763,43.85877176,43.7403059,43.62184003,43.50337416,43.38490829,43.26644243,43.14797656,43.02951069,42.91104483,42.79257896
Africa,Comoros,COM,24.75013434,24.514777,24.27941967,24.04406233,23.808705,23.57334766,23.33799033,23.10263299,22.86727566,22.63191832,22.39656099,22.16120365,21.92584632,21.69048898,21.45513165,21.21977431,20.98441698,20.74905965,20.51370231,20.27834498,20.04298764,19.80763031,19.57227297,19.33691564,19.1015583,18.86620097,18.62976894,18.39333692,18.16227834,17.92584632,17.68941429,17.45298227,17.21655024
Africa,Cabo Verde,CPV,3.816377171,4.420347395,5.024317618,5.628287841,6.232258065,6.836228288,7.440198511,8.044168734,8.648138958,9.252109181,9.856079404,9.930521092,10.00496278,10.07940447,10.15384615,10.22828784,10.30272953,10.37717122,10.4516129,10.52605459,10.60049628,10.67493797,10.74937965,10.82382134,10.89826303,10.97270471,11.0471464,11.12158809,11.19602978,11.27047146,11.34491315,11.41935484,11.49379653
Africa,Djibouti,DJI,0.241587575,0.241587575,0.241587575,0.241587575,0.241587575,0.241587575,0.241587575,0.241587575,0.241587575,0.241587575,0.241587575,0.241587575,0.241587575,0.241587575,0.241587575,0.241587575,0.241587575,0.241587575,0.241587575,0.241587575,0.241587575,0.241587575,0.241587575,0.241587575,0.241587575,0.241587575,0.241587575,0.242018982,0.243313201,0.245901639,0.250215703,0.253377912,0.257308024
Africa,Algeria,DZA,0.69990847,0.696213693,0.692518915,0.688824137,0.685129359,0.681434581,0.677739804,0.674045026,0.670350248,0.66665547,0.662960693,0.677193984,0.691427276,0.705660567,0.719893859,0.734127151,0.748360442,0.762593734,0.776827026,0.791060317,0.805293609,0.808484553,0.811675498,0.814866442,0.818057387,0.821247986,0.821247986,0.815789794,0.810331602,0.81411035,0.81830896,0.822227648,0.826332964
Africa,Eritrea,ERI,,,,11.29287129,11.26158416,11.23029703,11.1990099,11.16772277,11.13643564,11.10514851,11.07386139,11.04257426,11.01128713,10.98,9.140320769,9.11098558,9.086474152,9.058220229,9.030254666,9.003251617,8.977483792,8.949616385,8.924026107,8.900342223,8.875197116,8.845245978,8.819973667,8.79432689,8.767757211,8.741453809,8.71821524,8.692108346,8.666001453
Africa,Ethiopia,ETH,,,,19.0395,18.9665,18.8935,18.8205,18.7475,18.6745,18.6015,18.5285,18.4555,18.3825,18.3095,16.15855363,16.09383592,16.02896369,15.96402793,15.90023395,15.83526539,15.77082877,15.70608815,15.6413078,15.57676288,15.51254397,15.44784347,15.38289774,15.31829082,15.25348997,15.188678,15.12398772,15.05930418,14.99462063
Africa,Gabon,GAB,92.21725463,92.19334032,92.16942601,92.1455117,92.12159739,92.09768308,92.07376877,92.04985447,92.02594016,92.00202585,91.97811154,91.9584779,91.93884426,91.91921062,91.89957698,91.87994334,91.8603097,91.84067606,91.82104242,91.80140878,91.78177514,91.73566189,91.68954865,91.6434354,91.59732216,91.55120891,91.50510343,91.45899794,91.41289246,91.36678698,91.32068149,91.27457601,91.22847052
Africa,Ghana,GHA,43.61545223,43.14272216,42.66999209,42.19726202,41.72453195,41.25180188,40.77907181,40.30634174,39.83361167,39.3608816,38.88815153,38.49012042,38.0920893,37.69405819,37.29602707,36.89799596,36.49996484,36.10193373,35.70390261,35.3058715,34.90784038,34.85291377,34.79798717,34.74306056,34.68813395,34.63320735,34.81691131,35.00061528,35.03234596,35.06515538,35.09739375,35.12867716,35.1604431
Africa,Guinea,GIN,29.61093928,29.46972163,29.32850399,29.18728634,29.0460687,28.90485105,28.7636334,28.62241576,28.48119811,28.33998047,28.19876282,28.0522546,27.90574638,27.75923816,27.61272994,27.46622172,27.3197135,27.17320527,27.02669705,26.88018883,26.73368061,26.58717239,26.44066417,26.29415595,26.14764773,26.00113951,25.8383526,25.67556568,25.51277877,25.34999186,25.18720495,25.02441804,24.86163112
Africa,Guinea-Bissau,GNB,79.42140825,79.12108819,78.82076814,78.52044808,78.22012802,77.91980797,77.61948791,77.31916785,77.0188478,76.71852774,76.41820768,76.11788762,75.81756757,75.51724751,75.21692745,74.9166074,74.61628734,74.31596728,74.01564723,73.71532717,73.41500711,73.11472262,72.81443812,72.51415363,72.21386913,71.91358464,71.61344239,71.31330014,71.01315789,70.71301565,70.4128734,70.11273115,69.8125889
Africa,Equatorial Guinea,GNQ,96.22638146,95.9284492,95.63051693,95.33258467,95.03465241,94.73672014,94.43878788,94.14085561,93.84292335,93.54499109,93.24705882,92.94912656,92.6511943,92.35326203,92.05532977,91.7573975,91.45946524,91.16153298,90.86360071,90.56566845,90.26773619,89.96976827,89.67180036,89.37383244,89.07586453,88.77789661,88.4798574,88.18181818,87.88377897,87.58573975,87.28770053,86.98966132,86.6916221
Africa,Kenya,KEN,6.779597287,6.797633271,6.815669255,6.833705239,6.851741224,6.869777208,6.887813192,6.905849176,6.92388516,6.941921144,6.959957128,6.89936571,6.838774291,6.778182872,6.717591454,6.657000035,6.596408617,6.535817198,6.475225779,6.414634361,6.354042942,6.321035246,6.28802755,6.255019855,6.222012159,6.189004463,6.240942475,6.292880486,6.344818498,6.344818498,6.344818498,6.344818498,6.344818498
Africa,Liberia,LBR,88.5095515,88.19539037,87.88122924,87.56706811,87.25290698,86.93874585,86.62458472,86.31042359,85.99626246,85.68210133,85.3679402,85.05377907,84.73961794,84.42545681,84.11129568,83.79713455,83.48297342,83.16881229,82.85465116,82.54049003,82.2263289,81.91216777,81.59800664,81.28384551,80.96968439,80.65552326,80.34136213,80.027201,79.71303987,79.39887874,79.08471761,78.77055648,78.45639535
Africa,Libya,LBY,0.123327688,0.123327688,0.123327688,0.123327688,0.123327688,0.123327688,0.123327688,0.123327688,0.123327688,0.123327688,0.123327688,0.123327688,0.123327688,0.123327688,0.123327688,0.123327688,0.123327688,0.123327688,0.123327688,0.123327688,0.123327688,0.123327688,0.123327688,0.123327688,0.123327688,0.123327688,0.123327688,0.123327688,0.123327688,0.123327688,0.123327688,0.123327688,0.123327688
Africa,Lesotho,LSO,1.137022398,1.137022398,1.137022398,1.137022398,1.137022398,1.137022398,1.137022398,1.137022398,1.137022398,1.137022398,1.137022398,1.137022398,1.137022398,1.137022398,1.137022398,1.137022398,1.137022398,1.137022398,1.137022398,1.137022398,1.137022398,1.137022398,1.137022398,1.137022398,1.137022398,1.137022398,1.137022398,1.137022398,1.137022398,1.137022398,1.137022398,1.137022398,1.137022398
Africa,Morocco,MAR,12.29058929,12.29535066,12.30011203,12.3048734,12.30963477,12.31439615,12.31915752,12.32391889,12.32868026,12.33344163,12.338203,12.37585257,12.41350213,12.45115169,12.48880125,12.52645082,12.56410038,12.60174994,12.63939951,12.67704907,12.71469863,12.7192337,12.72376877,12.72830383,12.7328389,12.73737396,12.77120771,12.79764732,12.82005378,12.84358055,12.86688326,12.89033542,12.91368788
Africa,Madagascar,MDG,23.54687554,23.43290573,23.31893593,23.20496612,23.09099632,22.97702652,22.86305671,22.74908691,22.6351171,22.5211473,22.40717749,22.32658287,22.24598824,22.16539361,22.08479898,22.00420435,21.92360973,21.8430151,21.76242047,21.68182584,21.60123121,21.56904408,21.54632474,21.52342042,21.50070127,21.47798212,21.45527673,21.43255414,21.40983156,21.38712616,21.36440358,21.34169251,21.3189737
Africa,Mali,MLI,10.89666363,10.89666363,10.89666363,10.89666363,10.89666363,10.89666363,10.89666363,10.89666363,10.89666363,10.89666363,10.89666363,10.89666363,10.89666363,10.89666363,10.89666363,10.89666363,10.89666363,10.89666363,10.89666363,10.89666363,10.89666363,10.89666363,10.89666363,10.89666363,10.89666363,10.89666363,10.89666363,10.89666363,10.89666363,10.89666363,10.89666363,10.89666363,10.89666363
Africa,Mozambique,MOZ,55.16162669,54.88313538,54.60464407,54.32615275,54.04766144,53.76917012,53.49067881,53.21218749,52.93369618,52.65520486,52.37671355,52.09493375,51.81315395,51.53137414,51.24959434,50.96781454,50.68603474,50.40425494,50.12247514,49.84069534,49.55891554,49.2964114,49.03390727,48.77140314,48.50889901,48.24639487,47.8500089,47.56809685,47.33610723,47.00794781,46.72519647,46.41217312,46.11933111
Africa,Mauritania,MRT,0.461860871,0.456582905,0.451304938,0.446026972,0.440749006,0.435471039,0.430193073,0.424915106,0.41963714,0.414359173,0.409081207,0.403803241,0.398525274,0.393247308,0.387969341,0.382691375,0.377413408,0.372135442,0.366857476,0.361579509,0.356301543,0.351023576,0.34574561,0.340467643,0.335189677,0.32991171,0.324633744,0.319394586,0.314058407,0.308819249,0.30348307,0.298211604,0.292896963
Africa,Mauritius,MUS,20.23152709,20.27389163,20.31625616,20.35862069,20.40098522,20.44334975,20.48571429,20.52807882,20.57044335,20.61280788,20.65517241,20.48078818,20.30640394,20.1320197,19.95763547,19.78325123,19.608867,19.43448276,19.26009852,19.08571429,18.91133005,19.21482223,19.20580871,19.19679519,19.18778167,19.17876815,19.17376064,19.35403105,19.37406109,19.39409114,19.41412118,19.43415123,19.45418127
Africa,Malawi,MWI,37.14149342,36.69601188,36.25053034,35.80504879,35.35956725,34.9140857,34.46860416,34.02312261,33.57764107,33.13215952,32.68667798,32.24119644,31.79571489,31.35023335,30.9047518,30.45927026,30.01378871,29.56830717,29.12282563,28.67734408,28.23186254,27.78638099,27.34089945,26.8954179,26.44993636,26.00445482,25.55897327,25.11349173,24.66801018,24.22252864,23.77704709,23.33156555,22.88608401
Africa,Namibia,NAM,10.65137436,10.56512456,10.47887476,10.39262496,10.30637515,10.22012535,10.13387555,10.04762575,9.961375943,9.87512614,9.788876338,9.702625563,9.616374789,9.530124015,9.44387324,9.357622466,9.271371692,9.185120917,9.098870143,9.012619369,8.926368594,8.84011952,8.753870447,8.667621373,8.581372299,8.495123225,8.408871722,8.322620219,8.236368716,8.150117213,8.06386571,7.977614206,7.891362703
Africa,Niger,NER,1.535485908,1.486784558,1.438083208,1.389381858,1.340680508,1.291979158,1.243277808,1.194576459,1.145875109,1.097173759,1.048472409,1.038667403,1.028862398,1.019057393,1.009252388,0.999447383,0.989642378,0.979837373,0.970032368,0.960227362,0.950422357,0.940617352,0.930812347,0.921007342,0.911202337,0.901397332,0.891592327,0.881787321,0.871982316,0.862177311,0.852372306,0.842567301,0.832762296
Africa,Nigeria,NGA,29.1249053,28.94560097,28.76629665,28.58699233,28.407688,28.22838368,28.04907935,27.86977503,27.6904707,27.51116638,27.33186205,27.15255663,26.97325121,26.79394578,26.61464036,26.43533494,26.25602951,26.07672409,25.89741867,25.71811324,25.53880782,25.3595024,25.18019698,25.00089155,24.82158613,24.64228071,24.46297957,24.28368304,24.1043842,23.92508537,23.74578653,23.5664877,23.38718886
Africa,Rwanda,RWA,12.84961492,12.72800973,12.60640454,12.48479935,12.36319416,12.24158897,12.11998379,11.9983786,11.87677341,11.75516822,11.63356303,11.54438589,11.45520876,11.36603162,11.27685448,11.18767734,11.0985002,11.00932306,10.92014593,10.83096879,10.74179165,10.78232671,10.82286178,10.86339684,10.9039319,10.94446696,11.02553709,11.06607215,11.10660722,11.14714228,11.18767734,11.2282124,11.26874747
Africa,Sudan,SDN,,,,,,,,,,,,,,,,,,,,,,,10.56352998,10.47024946,10.37696895,10.28368844,10.19710385,10.10494111,10.01277837,9.920615632,9.828452891,9.73629015,9.644127409
Africa,Senegal,SEN,48.32057342,48.08684361,47.8531138,47.61938399,47.38565418,47.15192438,46.91819457,46.68446476,46.45073495,46.21700514,45.98327533,45.7833065,45.58333766,45.38336883,45.18339999,44.98343115,44.78346232,44.58349348,44.38352465,44.18355581,43.98358697,43.77582714,43.56806731,43.36030748,43.15254765,42.94478783,42.737028,42.52926817,42.32150834,42.11374851,41.90598868,41.69822885,41.49046902
Africa,Sierra Leone,SLE,43.31809365,43.0447908,42.77148795,42.49818509,42.22488224,41.95157938,41.67827653,41.40497368,41.13167082,40.85836797,40.58506511,40.31176226,40.03845941,39.76515655,39.4918537,39.21855085,38.94524799,38.67194514,38.39864228,38.12533943,37.85203658,37.57874758,37.30545858,37.03216958,36.75888058,36.48559158,36.21224716,35.93890274,35.66555833,35.39221391,35.11886949,34.84552508,34.57218066
Africa,Somalia,SOM,13.20256958,13.08022763,12.95788568,12.83554372,12.71320177,12.59085982,12.46851787,12.34617592,12.22383397,12.10149201,11.97915006,11.85680811,11.73446616,11.61212421,11.48978226,11.3674403,11.24509835,11.1227564,11.00041445,10.8780725,10.75573054,10.63338859,10.51104664,10.38870469,10.26636274,10.14402079,10.02167883,9.899336883,9.776994931,9.654652979,9.532311028,9.409969076,9.287627124
Africa,South Sudan,SSD,,,,,,,,,,,,,,,,,,,,,,,11.32562151,11.32562151,11.32562151,11.32562151,11.32562151,11.32562151,11.32562151,11.32562151,11.32562151,11.32562151,11.32562151
Africa,Sao Tome and Principe,STP,61.0625,61.03541667,61.00833333,60.98125,60.95416667,60.92708333,60.9,60.87291667,60.84583333,60.81875,60.79166667,60.76458333,60.7375,60.71041667,60.68333333,60.65625,60.62916667,60.60208333,60.575,60.54791667,60.52083333,59.875,59.22916667,58.58333333,57.9375,57.29166667,56.64583333,56.0,55.35416667,54.70833333,54.0625,53.41666667,52.77083333
Africa,Eswatini,SWZ,26.81046512,26.88104651,26.95162791,27.0222093,27.0927907,27.16337209,27.23395349,27.30453488,27.37511628,27.44569767,27.51627907,27.5869186,27.65755814,27.72819767,27.79883721,27.86947674,27.94011628,28.01075581,28.08139535,28.15203488,28.22267442,28.29325581,28.36383721,28.4344186,28.505,28.5755814,28.64651163,28.71686047,28.7872093,28.85755814,28.92790698,28.99825581,29.06860465
Africa,Seychelles,SYC,73.26086957,73.26086957,73.26086957,73.26086957,73.26086957,73.26086957,73.26086957,73.26086957,73.26086957,73.26086957,73.26086957,73.26086957,73.26086957,73.26086957,73.26086957,73.26086957,73.26086957,73.26086957,73.26086957,73.26086957,73.26086957,73.26086957,73.26086957,73.26086957,73.26086957,73.26086957,73.26086957,73.26086957,73.26086957,73.26086957,73.26086957,73.26086957,73.26086957
Africa,Chad,TCD,5.344663278,5.314723634,5.28478399,5.254844346,5.224904701,5.194965057,5.165025413,5.135085769,5.105146125,5.07520648,5.045266836,4.979907878,4.91454892,4.849189962,4.783831004,4.718472046,4.653113088,4.58775413,4.522395172,4.457036213,4.391677255,4.290025413,4.188373571,4.086721728,3.985069886,3.883418043,3.787325286,3.693614994,3.601493011,3.511753494,3.425190597,3.336509927,3.249241105
Africa,Togo,TGO,25.03511675,24.86376908,24.6924214,24.52107373,24.34972605,24.17837838,24.0070307,23.83568303,23.66433536,23.49298768,23.32164001,23.26722927,23.21281853,23.1584078,23.10399706,23.04958632,22.99517558,22.94076485,22.88635411,22.83194337,22.77753263,22.72311087,22.6686891,22.61426733,22.55984556,22.50542379,22.45100202,22.39658025,22.34215849,22.28773672,22.23331495,22.17889318,22.12447141
Africa,Tunisia,TUN,4.145062436,4.160428682,4.175794928,4.191161174,4.20652742,4.22189431,4.237260556,4.252626802,4.267993048,4.283359295,4.298725541,4.311328527,4.323931514,4.336534501,4.349137487,4.361740474,4.37434346,4.386946447,4.399549434,4.41215242,4.424755407,4.434603502,4.444451596,4.454299691,4.464147786,4.473995881,4.483843975,4.49369207,4.503540165,4.51338826,4.523236354,4.533084449,4.542932544
Africa,Tanzania,TZA,64.78890269,64.36894333,63.94898397,63.52902461,63.10906525,62.68910589,62.26914653,61.84918718,61.42922782,61.00926846,60.5893091,60.16934974,59.74939038,59.32943102,58.90947166,58.48951231,58.06955295,57.64959359,57.22963423,56.80967487,56.38971551,55.96975389,55.54979228,55.12983066,54.70986904,54.28990743,53.76044254,53.23097765,52.70151276,52.17204787,51.64258298,51.11311809,50.58365319
Africa,Uganda,UGA,17.89434963,17.6878935,17.48143737,17.27498123,17.0685251,16.86206897,16.65561283,16.4491567,16.24270057,16.03624443,15.8297883,15.62332716,15.41686602,15.21040488,15.00394375,14.79748261,14.59102147,14.38456033,14.17809919,13.97163806,13.71643726,13.51071215,13.30498703,13.09926192,12.8935368,12.68781169,12.48209655,12.27638141,12.07066627,11.86490126,11.65918612,11.45343756,11.24771145
Africa,South Africa,ZAF,14.95527125,14.92526523,14.89525921,14.8652532,14.83524718,14.80524116,14.77523514,14.74522913,14.71522311,14.68521709,14.65521107,14.62520505,14.59519904,14.56519302,14.535187,14.50518098,14.47517497,14.44516895,14.41516293,14.38515691,14.3551509,14.32514488,14.29513886,14.26513284,14.23512682,14.20512081,14.17511479,14.14510877,14.11510275,14.08509674,14.05509072,14.0250847,13.99507868
Africa,Zambia,ZMB,63.77809763,63.72993987,63.68178211,63.63362434,63.58546658,63.53730882,63.48915105,63.44099329,63.39283552,63.34467776,63.29652,63.24836223,63.20020447,63.1520467,63.10388894,63.05573118,63.00757341,62.95941565,62.91125789,62.86310012,62.81494236,62.56180471,62.30866705,62.0555294,61.80239175,61.54925409,61.29595502,61.04288462,60.78970661,60.53651515,60.28333714,60.03015012,59.77696915
Africa,Zimbabwe,ZWE,48.66661497,48.54752488,48.42843479,48.30934471,48.19025462,48.07116453,47.95207445,47.83298436,47.71389427,47.59480419,47.4757141,47.35662401,47.23753393,47.11844384,46.99935375,46.88026367,46.76117358,46.64208349,46.52299341,46.40390332,46.28481324,46.16572315,46.04663306,45.92754298,45.80845289,45.6893628,45.57027272,45.45118263,45.33209254,45.21300246,45.09391237,44.97482228,44.8557322
Asia,Afghanistan,AFG,1.852781994,1.852781994,1.852781994,1.852781994,1.852781994,1.852781994,1.852781994,1.852781994,1.852781994,1.852781994,1.852781994,1.852781994,1.852781994,1.852781994,1.852781994,1.852781994,1.852781994,1.852781994,1.852781994,1.852781994,1.852781994,1.852781994,1.852781994,1.852781994,1.852781994,1.852781994,1.852781994,1.852781994,1.852781994,1.852781994,1.852781994,1.852781994,1.852781994
Asia,United Arab Emirates,ARE,3.44973247,3.540453393,3.631174317,3.721895241,3.812616164,3.903337088,3.994058012,4.084778936,4.175499859,4.266220783,4.356941707,4.368023092,4.379104478,4.390185863,4.401267249,4.412348634,4.42343002,4.434511405,4.445592791,4.456674176,4.467755562,4.467755562,4.467755562,4.467755562,4.467755562,4.467755562,4.467755562,4.467755562,4.467755562,4.467755562,4.467755562,4.467755562,4.467755562
Asia,Armenia,ARM,,,11.74260625,11.73526519,11.72792413,11.72058307,11.71324201,11.70590095,11.69855989,11.69121883,11.68387777,11.67657183,11.66926589,11.66195996,11.65465402,11.64734809,11.64004215,11.63273621,11.62543028,11.61812434,11.61081841,11.60351247,11.59620653,11.5889006,11.58159466,11.57428872,11.56691254,11.55953635,11.55216017,11.54478398,11.5374078,11.53003161,11.52265543
Asia,Azerbaijan,AZE,,,11.45482293,11.50587019,11.55691746,11.60796472,11.65901198,11.71005924,11.7787994,11.885279,11.95109255,12.00604692,12.05881164,12.10862895,12.16046303,12.21700097,12.27518908,12.33116944,12.38626236,12.44180848,12.49146583,12.60099567,12.71082654,12.82050351,12.92970858,13.03953401,13.15441152,13.27314606,13.41393036,13.55336705,13.69418968,13.83299093,13.97248155
Asia,Bangladesh,BGD,14.75247753,14.75247599,14.75247446,14.75247292,14.75247138,14.75246985,14.75246908,14.75246754,14.75246601,14.75246447,14.75246293,14.72789045,14.70331797,14.67874549,14.654173,14.62960052,14.60502804,14.58045556,14.55588308,14.53130983,14.50673734,14.4991442,14.49155105,14.4839579,14.47636475,14.46877161,14.46877161,14.46877161,14.46877161,14.46877161,14.46877161,14.46877161,14.46877161
Asia,Bahrain,BHR,0.31884058,0.34057971,0.352112676,0.373239437,0.394366197,0.415492958,0.436619718,0.457746479,0.478873239,0.5,0.521126761,0.542253521,0.563380282,0.576388889,0.589041096,0.601351351,0.621621622,0.633333333,0.644736842,0.664473684,0.682414698,0.698826597,0.716883117,0.737662338,0.757457847,0.771208226,0.795892169,0.820512821,0.848329049,0.871794872,0.891719745,0.911392405,0.936708861
Asia,Bhutan,BTN,53.65066455,53.86315091,54.07563727,54.28812362,63.98070352,64.23015075,64.47959799,64.72904523,64.97849246,65.2279397,65.47738693,65.7268593,65.97633166,66.22580402,69.41039431,69.67088176,69.93136921,70.19185665,70.4523441,70.71283154,70.97331899,71.02521185,71.0771047,71.12899756,71.18089042,71.23278327,71.23427013,71.28617869,71.34556896,71.39748296,71.44939696,71.50131096,71.55322496
Asia,China,CHN,16.73800655,16.94954715,17.16108774,17.37262834,17.58416893,17.79572849,18.00728849,18.21882953,18.43037058,18.64191163,18.85347276,19.10496812,19.3564539,19.60793869,19.85942287,20.11090813,20.36239278,20.61387789,20.86536169,21.11684505,21.36832885,21.57462737,21.78092589,21.9872244,22.19352292,22.39982144,22.63049793,22.83070681,23.03091218,23.23111754,23.4313229,23.63152827,23.83173363
Asia,Cyprus,CYP,17.43614719,17.54978355,17.66341991,17.77705628,17.89069264,18.004329,18.11796537,18.23160173,18.3452381,18.45887446,18.57251082,18.58582251,18.5991342,18.61244589,18.62575758,18.63906926,18.65238095,18.66569264,18.67900433,18.69231602,18.70562771,18.70281385,18.7,18.69718615,18.69437229,18.69155844,18.68073593,18.67857143,18.67640693,18.67424242,18.67207792,18.66991342,18.66774892
Asia,Georgia,GEO,,,39.63102605,39.64297021,39.65491438,39.66685854,39.67880271,39.69074687,39.70269103,39.7146352,39.72657936,39.81551302,39.90444668,39.99338034,40.082314,40.17124766,40.26018132,40.34911498,40.43804864,40.5269823,40.61591596,40.61591596,40.61591596,40.61591596,40.61591596,40.61591596,40.61591596,40.61591596,40.61591596,40.61591596,40.61591596,40.61591596,40.61591596
Asia,Indonesia,IDN,65.43771425,64.48467352,63.53163278,62.57859205,61.62555132,60.67251058,59.71946985,58.76642912,57.81338839,56.86034765,53.94352867,53.85720198,53.77087529,53.6845486,53.59822191,53.51189522,53.42556853,53.33924184,53.25291515,53.16658846,53.08026177,52.58691923,52.09357668,51.60023414,51.10689159,50.61354905,50.74345453,50.03933382,49.71681778,49.39429641,49.07178037,48.36194487,48.04199007
Asia,India,IND,21.50484833,21.627713,21.75057766,21.87344233,21.996307,22.11917166,22.24203633,22.364901,22.48776567,22.61063033,22.733495,22.7975676,22.86164019,22.92571279,22.98978538,23.05385798,23.11793057,23.18200317,23.24607576,23.31014836,23.37422095,23.46382169,23.55342242,23.64302315,23.73262388,23.82222461,23.91182535,24.00142608,24.09102681,24.18062754,24.27022827,24.35982901,24.44942974
Asia,Iraq,IRQ,1.838260512,1.841461463,1.844662414,1.847863365,1.851064316,1.854265267,1.857466219,1.86066717,1.863868121,1.867069072,1.870270023,1.871870499,1.873470974,1.87507145,1.876671925,1.878272401,1.879872877,1.881473352,1.883073828,1.897909376,1.89952109,1.89952109,1.89952109,1.900361184,1.900361184,1.900361184,1.900361184,1.900361184,1.900361184,1.900361184,1.900361184,1.900361184,1.900361184
Asia,Israel,ISR,6.099815157,6.196857671,6.293900185,6.390942699,6.487985213,6.585027726,6.68207024,6.779112754,6.876155268,6.973197782,7.070240296,7.074861368,7.07948244,7.084103512,7.088724584,7.093345656,7.097966728,7.1025878,7.107208872,7.111829945,7.116451017,7.218114603,7.319778189,7.421441774,7.52310536,7.624768946,6.469500924,6.469500924,6.469500924,6.469500924,6.469500924,6.469500924,
Asia,Jordan,JOR,1.10494107,1.10494107,1.10494107,1.10494107,1.10494107,1.10494107,1.10494107,1.10494107,1.10494107,1.10494107,1.10494107,1.10494107,1.10494107,1.10494107,1.10494107,1.10494107,1.10494107,1.10494107,1.10494107,1.09822032,1.09822032,1.09822032,1.09822032,1.09822032,1.09822032,1.09822032,1.09822032,1.09822032,1.09822032,1.098047165,1.098047165,1.098047165,1.098047165
Asia,Japan,JPN,68.43115743,68.41086122,68.390565,68.37026879,68.34997257,68.32967636,68.32812071,68.30781893,68.28751715,68.26721536,68.24691358,68.27160494,68.2962963,68.32098765,68.34567901,68.37037037,68.39506173,68.41975309,68.44444444,68.4691358,68.49382716,68.48175583,68.4696845,68.45761317,68.44554184,68.43347051,68.42249657,68.40877915,68.40877915,68.40877915,68.40877915,68.40877915,68.40877915
Asia,Kazakhstan,KAZ,,,1.170937882,1.17074086,1.170543838,1.170346816,1.170149794,1.169952773,1.169755751,1.169558729,1.169361707,1.166593029,1.163824314,1.161055636,1.158286958,1.15551828,1.152749565,1.149980887,1.147212209,1.144443494,1.141674816,1.158437938,1.175201022,1.191964107,1.208727229,1.225490314,1.236326258,1.247160796,1.257992073,1.268822462,1.279653295,1.290483832,1.301314553
Asia,Cambodia,KHM,62.34302062,62.21624179,62.08946295,61.96268412,61.83590528,61.70912644,61.58234761,61.45556877,61.32878994,61.2020111,61.07523227,60.96659302,60.85795377,60.74931453,60.64067528,60.53203603,60.42339678,60.31475753,60.20611829,60.09747904,59.98883979,58.01466123,56.04048266,54.0663041,52.09212554,50.11794697,49.2359506,48.35395423,47.47195785,46.58996148,45.7079651,44.82596873,43.94397235
Asia,Kuwait,KWT,0.193602694,0.201459035,0.209315376,0.217171717,0.225028058,0.2328844,0.240740741,0.248597082,0.256453423,0.264309764,0.272166105,0.280022447,0.287878788,0.295735129,0.30359147,0.311447811,0.319304153,0.327160494,0.335016835,0.342873176,0.350729517,0.350729517,0.350729517,0.350729517,0.350729517,0.350729517,0.350729517,0.350729517,0.350729517,0.350729517,0.350729517,0.350729517,0.350729517
Asia,Lebanon,LBN,13.65591398,13.64105572,13.62619746,13.6113392,13.59648094,13.58162268,13.56676442,13.55190616,13.5370479,13.52218964,13.50733138,13.49921799,13.49110459,13.4829912,13.47487781,13.46676442,13.45865103,13.45053763,13.44242424,13.43431085,13.42619746,13.48445748,13.5427175,13.60097752,13.65923754,13.71749756,13.77614858,13.83479961,13.89345064,13.95210166,14.01075269,14.06940371,14.12805474
Asia,Sri Lanka,LKA,37.47934939,37.18607878,36.89280816,36.59953755,36.30626694,36.01299633,35.71972572,35.42645511,35.1331845,34.83991389,34.54664328,34.44649976,34.34635624,34.24621273,34.14606921,34.04592569,33.94578217,33.84563865,33.74549514,33.64535162,33.5452081,33.62557806,33.70594801,33.78631797,33.86668793,34.39516585,34.34411,34.29305414,34.25804992,34.20671025,34.15809893,34.10701584,34.05593275
Asia,Maldives,MDV,2.733333333,2.733333333,2.733333333,2.733333333,2.733333333,2.733333333,2.733333333,2.733333333,2.733333333,2.733333333,2.733333333,2.733333333,2.733333333,2.733333333,2.733333333,2.733333333,2.733333333,2.733333333,2.733333333,2.733333333,2.733333333,2.733333333,2.733333333,2.733333333,2.733333333,2.733333333,2.733333333,2.733333333,2.733333333,2.733333333,2.733333333,2.733333333,2.733333333
Asia,Myanmar,MMR,60.00930318,59.34364079,58.67797839,58.012316,57.34665361,56.68099122,56.01532882,55.34966643,54.68400404,54.01834165,53.35267925,52.82828748,52.30389571,51.77950393,51.26452511,50.74469665,50.21170673,49.68345728,49.17485114,48.65101944,48.12938187,47.68370555,47.25036515,46.81182091,46.36821216,45.92460342,45.50189957,45.06016086,44.61974874,44.17588479,43.73403098,43.29014663,42.84626228
Asia,Mongolia,MNG,9.274680548,9.26898727,9.263293991,9.257600712,9.251907434,9.246214155,9.240520876,9.234827597,9.229134319,9.22344104,9.217747761,9.212577928,9.207406751,9.159341159,9.155620805,9.150473846,9.12762336,9.122486789,9.117315129,9.112178302,9.108051793,9.107573137,9.106857774,9.106135944,9.105421354,9.104691498,9.103978705,9.103265913,9.102555458,9.101825131,9.099658488,9.09894466,9.098233215
Asia,Malaysia,MYS,62.75604931,62.47385482,62.19166033,61.90946583,61.62727134,61.34507685,61.06288236,60.78068787,60.49849338,60.21629889,59.9341044,59.70774616,59.48138792,59.25502968,59.02867144,58.80231319,58.57595495,58.34959671,58.12323847,57.89688023,57.67052199,57.98497641,58.29943083,58.61388525,58.92833967,59.2427941,58.78752093,58.63488054,58.48224015,58.32959976,58.17695937,58.02431898,57.87167859
Asia,Nepal,NPL,39.66433566,39.74039161,39.81644755,39.8925035,39.96855944,40.04461538,40.12067133,40.19672727,40.27278322,40.34883916,40.32619463,40.45264737,40.5791001,40.70555284,40.83200558,40.95845832,41.08491106,41.21136379,41.33781653,41.46426927,41.59072201,41.59072201,41.59072201,41.59072201,41.59072201,41.59072201,41.59072201,41.59072201,41.59072201,41.59072201,41.59072201,41.59072201,41.59072201
Asia,Oman,OMN,0.009693053,0.009693053,0.009693053,0.009693053,0.009693053,0.009693053,0.009693053,0.009693053,0.009693053,0.009693053,0.009693053,0.009693053,0.009693053,0.009693053,0.009693053,0.009693053,0.009693053,0.009693053,0.009693053,0.009693053,0.009693053,0.009693053,0.009693053,0.009693053,0.009693053,0.009693053,0.00904685,0.008723748,0.008400646,0.008077544,0.008077544,0.007862036,0.007790307
Asia,Pakistan,PAK,6.468957555,6.407270911,6.345584267,6.283897623,6.22221098,6.160524336,6.098837692,6.037151048,5.975464404,5.91377776,5.852091117,5.797928342,5.743765567,5.689602792,5.635440017,5.581277242,5.527114467,5.472951692,5.418788917,5.364626142,5.310463367,5.268659195,5.226855023,5.185050851,5.143246679,5.101442507,5.017953508,4.99418846,4.940561436,4.886934413,4.833307389,4.779680365,4.726053342
Asia,Philippines,PHL,26.08850656,25.93102928,25.773552,25.61607472,25.45859744,25.30112017,25.14364289,24.98616561,24.82868833,24.67121105,24.51373378,24.35625985,24.19878593,24.041312,23.88383808,23.72636415,23.56889023,23.41141631,23.25394238,23.09646846,22.93899453,23.0559949,23.17299527,23.28999564,23.40699601,23.52399638,23.64101016,23.75802395,23.87500419,23.99201798,24.10903176,24.22604554,24.34305933
Asia,Qatar,QAT,0.0,0.0,0.0,0.0,0.0,0.0,0.0,0.0,0.0,0.0,0.0,0.0,0.0,0.0,0.0,0.0,0.0,0.0,0.0,0.0,0.0,0.0,0.0,0.0,0.0,0.0,0.0,0.0,0.0,0.0,0.0,0.0,0.0
Asia,Saudi Arabia,SAU,0.454484135,0.454484135,0.454484135,0.454484135,0.454484135,0.454484135,0.454484135,0.454484135,0.454484135,0.454484135,0.454484135,0.454484135,0.454484135,0.454484135,0.454484135,0.454484135,0.454484135,0.454484135,0.454484135,0.454484135,0.454484135,0.454484135,0.454484135,0.454484135,0.454484135,0.454484135,0.454484135,0.454484135,0.454484135,0.454484135,0.454484135,0.454484135,0.454484135
Asia,Singapore,SGP,22.12970149,22.4561194,22.78238806,23.10880597,23.43507463,23.76149254,24.08791045,24.4141791,24.74059701,25.06686567,25.39328358,25.50164179,25.42044444,25.08224163,25.1149492,25.22046444,25.14351585,25.21194245,25.13571429,25.23957143,25.27122507,24.83892045,24.40906516,24.0155587,23.58984485,23.23187588,22.9696756,22.62640449,22.31092437,21.9972067,21.68523677,21.43454039,21.18384401
Asia,Thailand,THA,37.8966118,37.82555932,37.75450684,37.68345436,37.61240189,37.54134941,37.47029693,37.39924446,37.32819198,37.2571395,37.18608702,37.39650414,37.60692126,37.81733837,38.02775549,38.2381726,38.44858972,38.65900683,38.86942395,39.07984106,39.29025818,39.28556049,39.28086281,39.27616512,39.27146744,39.26676975,39.18064554,39.11018027,39.03971501,38.96924974,38.89878447,38.82831921,38.75785394
Asia,Tajikistan,TJK,,,2.917976565,2.919405544,2.920834524,2.922263504,2.923692484,2.925121463,2.926550443,2.927979423,2.929408402,2.929408402,2.929408402,2.929408402,2.929408402,2.929408402,2.929408402,2.929408402,2.929408402,2.929408402,2.929408402,2.946270363,2.963132324,2.979994284,3.022206851,3.039123856,3.039123856,3.039123856,3.039123856,3.046328986,3.053534116,3.060739246,3.067944376
Asia,Turkmenistan,TKM,,,8.782159045,8.782159045,8.782159045,8.782159045,8.782159045,8.782159045,8.782159045,8.782159045,8.782159045,8.782159045,8.782159045,8.782159045,8.782159045,8.782159045,8.782159045,8.782159045,8.782159045,8.782159045,8.782159045,8.782159045,8.782159045,8.782159045,8.782159045,8.782159045,8.782159045,8.782159045,8.782159045,8.782159045,8.782159045,8.782159045,8.782159045
Asia,Timor-Leste,TLS,64.76798924,64.67383995,64.57969065,64.48554136,64.39139206,64.29724277,64.20309348,64.10894418,64.01479489,63.9206456,63.8264963,63.73234701,63.63819771,63.54404842,63.44989913,63.35574983,63.26160054,63.16745124,63.07330195,62.97915266,62.88500336,62.79085407,62.69670477,62.60255548,62.50840619,62.41425689,62.3201076,62.24613315,62.13180901,62.03765972,61.94351042,61.84936113,61.75521184
Asia,Uzbekistan,UZB,,,6.186620592,6.283491772,6.380363188,6.477234603,6.574106018,6.670977433,6.767848613,6.864720028,6.792887044,6.882769419,6.971810301,7.061401955,7.150843518,7.239962694,7.328999426,7.415772827,7.50509144,7.594504123,7.6844723,7.777627355,7.869481413,7.961375803,8.053071555,8.055832955,8.139748656,8.198443898,8.257120614,8.316373665,8.373221378,8.431804617,8.49046413
Europe,Albania,ALB,28.78832117,28.71715328,28.6459854,28.57481752,28.50364964,28.43248175,28.36131387,28.29014599,28.2189781,28.14781022,28.07664234,28.12324818,28.16985401,28.21645985,28.26306569,28.30967153,28.35627737,28.40288321,28.44948905,28.49609489,28.54270073,28.59465328,28.64660584,28.69855839,28.75051095,28.8024635,28.80218978,28.79206204,28.7919708,28.7919708,28.7919708,28.7919708,28.7919708
Europe,Andorra,AND,34.04255319,34.04255319,34.04255319,34.04255319,34.04255319,34.04255319,34.04255319,34.04255319,34.04255319,34.04255319,34.04255319,34.04255319,34.04255319,34.04255319,34.04255319,34.04255319,34.04255319,34.04255319,34.04255319,34.04255319,34.04255319,34.04255319,34.04255319,34.04255319,34.04255319,34.04255319,34.04255319,34.04255319,34.04255319,34.04255319,34.04255319,34.04255319,34.04255319
Europe,Austria,AUT,45.75460494,45.8303078,45.90601066,45.98171352,46.05741638,46.13311924,46.2088221,46.28452496,46.36022782,46.43593068,46.51163354,46.54200194,46.57237033,46.60273873,46.63310713,46.66347552,46.69384392,46.72421231,46.75458071,46.7849491,46.8153175,46.85891905,46.9025206,46.94612215,46.9897237,47.03332525,47.07695104,47.12045565,47.16396025,47.10373243,47.13790596,47.1720795,47.20613185
Europe,Belgium,BEL,,,,,,,,,,,21.99914285,22.07355026,22.14795767,22.22236508,22.29677249,22.3711799,22.44558731,22.51999473,22.59440214,22.66880955,22.74321696,22.73945868,22.73570039,22.73194211,22.72818383,22.72442554,22.72442554,22.72442554,22.60518808,22.60444678,22.60444678,22.60444678,22.60444678
Europe,Bulgaria,BGR,30.07321703,30.1166049,30.15999277,30.20338064,30.24676851,30.29015638,30.33354425,30.37693212,30.42031999,30.46370786,30.50709572,30.83431257,31.68566176,32.02721339,32.3630011,32.73195876,33.0682132,33.40760519,33.74090784,34.0899042,34.42336035,34.60022108,34.7770818,34.95394252,35.13080324,35.30766396,35.38135593,35.50110538,35.62085483,35.74060427,35.86035372,35.98010317,36.09985262
Europe,Bosnia and Herzegovina,BIH,,,42.77988281,42.58779297,42.39570313,42.20361328,42.01152344,41.81943359,41.62734375,41.43525391,41.24316406,41.22560547,41.20804688,41.19048828,41.17292969,41.15537109,41.1378125,41.12025391,41.10269531,41.08513672,41.06757813,41.29351563,41.51945313,41.74539063,41.97132813,42.19726563,42.50996094,42.73261719,42.73261719,42.73261719,42.73261719,42.73261719,42.73261719
Europe,Belarus,BLR,,,38.82460774,39.07448298,39.32018257,39.56513595,39.81089848,40.05373296,40.30192921,40.54379175,40.78423253,40.9610341,41.14007366,41.3166951,41.49495846,41.66728294,41.82864803,42.00521437,42.18095435,42.3577364,42.53284837,42.53462126,42.54037723,42.54194019,42.53176531,42.53416626,42.90696987,42.97840266,43.05153217,43.12615476,43.19440339,43.27223454,43.33513966
Europe,Switzerland,CHE,29.18090822,29.28881957,29.39673049,29.50464096,29.612551,29.72046061,29.82934774,29.93824233,30.04714439,30.15605392,30.26497017,30.36341959,30.4618751,30.56033746,30.65880669,30.75728279,30.85576577,30.95425486,31.05225733,31.15026275,31.24827194,31.33575582,31.42324155,31.51073153,31.59822336,31.68571785,31.77326642,31.8603338,31.94740118,32.03446856,32.12153594,32.20860332,32.2956707
Europe,Germany,DEU,32.36616733,32.38163435,32.39710137,32.41349679,32.42989316,32.44629046,32.4626887,32.48187939,32.50014326,32.51934208,32.53761284,32.55803955,32.57753827,32.59797598,32.6174843,32.6341897,32.65370498,32.67416181,32.69368672,32.71133932,32.73087185,32.73754877,32.74516555,32.71898647,32.72284322,32.73232815,32.68548202,32.68454647,32.68361097,32.68267552,32.68267552,32.68267552,32.68548202
Europe,Denmark,DNK,13.286,13.3864,13.4868,13.5872,13.6876,13.788,13.8884,13.9888,14.0892,14.1896,14.29,14.327225,14.36445,14.401675,14.4389,14.476125,14.51335,14.550575,14.5878,14.625025,14.66225,14.8532,15.04415,15.2351,15.42605,15.617,15.6165,15.64,15.664,15.6875,15.711,15.7345,15.758
Europe,Spain,ESP,27.84050136,28.47907056,29.11763976,29.75620895,30.39477815,31.03334735,31.67191655,32.31048574,32.94905494,33.58762414,34.25637275,34.58050028,34.83530779,35.11418641,35.40705557,35.70425174,36.00299812,36.28442027,36.59795108,36.89928809,37.0899382,37.10192046,37.07977849,37.08211351,37.08444853,37.12753247,37.14286858,37.15223392,37.15664678,37.16772156,37.17730549,37.17275211,37.18279228
Europe,Estonia,EST,,,52.19386648,52.27169144,52.3495164,52.42734135,52.50516631,52.58299127,52.66081623,52.73864119,52.81646615,53.04560038,53.27473461,53.50386884,53.73300307,53.9621373,54.19127153,54.42040576,54.64953999,54.87867422,55.10780845,55.50879925,55.90979004,54.91175523,55.30278353,55.69381182,55.69933287,57.03859649,57.03859649,57.03859649,57.03859649,57.03859649,57.0652937
Europe,Finland,FIN,71.81893693,72.00617551,72.1934141,72.38065268,72.56789126,72.75512985,72.94236843,73.12960701,73.3168456,73.50408418,73.69132276,73.62446568,73.55760859,73.4907515,73.42389442,73.35703733,73.40585972,73.34372061,73.32256663,73.25555775,73.18854886,73.30086544,73.41077364,73.52068183,73.63059002,73.73564542,73.73564542,73.73321927,73.73321927,73.73079327,73.72836744,73.72649966,73.72649966
Europe,France,FRA,26.36394517,26.51954285,26.67514053,26.83073821,26.98633589,27.14193358,27.29753126,27.45312894,27.60872662,27.7643243,27.91987099,28.12642106,28.33297112,28.52389357,28.74607126,28.95315008,29.15970392,29.36625776,29.5728116,29.77936544,29.98591927,30.13823218,30.29054509,30.442858,30.59517091,30.74748382,30.89979673,31.05210964,31.20442255,31.35673546,31.50904837,31.66136128,31.81367419
Europe,United Kingdom,GBR,11.48266027,11.55540859,11.6281569,11.70090522,11.77365354,11.84640185,11.91915017,11.99189848,12.0646468,12.13739511,12.21014343,12.25354441,12.2969454,12.34034638,12.38374736,12.42714835,12.47054933,12.51395032,12.5573513,12.60075228,12.64415327,12.72351507,12.80287687,12.88223866,12.96160046,13.04096226,13.05749597,13.07816311,13.11536395,13.15256479,13.18563221,13.22145538,13.25548712
Europe,Greece,GRC,25.59,25.82404112,26.05808146,26.29212258,26.52616292,26.76020403,26.99424515,27.22828549,27.46232661,27.69636695,27.93040807,28.16436695,28.39832661,28.63228549,28.86624515,29.10020403,29.33416292,29.56812258,29.80208146,30.03604112,30.27,30.27,30.27,30.27,30.27,30.27,30.26997673,30.26997673,30.26997673,30.26997673,30.26997673,30.26997673,30.26997673
Europe,Croatia,HRV,,,33.21409408,33.27669469,33.3392953,33.4018959,33.42265095,33.48517328,33.58969773,33.65229834,33.71369295,33.77629131,33.83888968,33.86998785,33.93252805,33.99506826,34.05760846,34.12014867,34.18268887,34.24522908,34.30776928,34.31491673,34.32206418,34.32921164,34.33635909,34.34350654,34.38139161,34.51519548,34.55989565,34.60456722,34.65171551,34.69639028,34.74106505
Europe,Hungary,HUN,20.18359853,20.30295983,20.42232113,20.5439684,20.66334298,20.78271756,20.90209214,21.03551225,21.15496659,21.27442094,21.43684445,21.57656773,21.71629101,21.85601428,21.99573756,22.13793103,22.2776699,22.41740877,22.55714764,22.46623219,22.60455098,22.63642991,22.66830885,22.70018778,22.55023011,22.58185404,22.55895244,22.5429542,22.5281613,22.51227263,22.49627438,22.48034955,22.46437541
Europe,Ireland,IRL,6.701117724,6.946029903,7.190942082,7.43585426,7.680766439,7.925678618,8.170590797,8.415502976,8.660415155,8.905327333,9.150239512,9.280911598,9.411583684,9.54225577,9.672927856,9.803599942,9.934272028,10.06494411,10.1956162,10.32628829,10.45696037,10.55651038,10.65606039,10.75561039,10.8551604,10.95471041,11.06619248,11.17752939,11.23559297,11.29365655,11.35172013,11.40978371,11.46784729
Europe,Iceland,ISL,0.170274314,0.183002494,0.195730673,0.208458853,0.221187032,0.233915212,0.246643392,0.259371571,0.272099751,0.28482793,0.29755611,0.312359102,0.327162095,0.341965087,0.35676808,0.371571072,0.386374065,0.401177057,0.41598005,0.430783042,0.445586035,0.452548628,0.459511222,0.466473815,0.473436409,0.480399002,0.485386534,0.492568579,0.496280869,0.502727363,0.509273034,0.515719528,0.522265199
Europe,Italy,ITA,25.80582095,26.07085784,26.33589473,26.60093162,26.86596852,27.13100541,27.3960423,27.66107919,27.92611608,28.19115297,28.30145612,28.52423255,28.74700897,28.9697854,29.19256183,29.41533826,29.63811469,29.86089112,30.08366755,30.30644398,30.52922041,30.71117754,30.89313468,31.07509181,31.25704895,31.43900608,31.62096998,31.80293388,31.98489777,32.16697045,32.34893496,32.53089947,32.71253212
Europe,Liechtenstein,LIE,40.625,40.75,40.875,41.0,41.125,41.25,41.375,41.5,41.625,41.75,41.875,41.874375,41.87375,41.87375,41.873125,41.8725,41.871875,41.87125,41.87125,41.870625,41.87,41.87125,41.871875,41.873125,41.87375,41.875,41.875,41.875,41.875,41.875,41.875,41.875,41.875
Europe,Lithuania,LTU,,,31.26994257,31.38959796,31.50925335,31.62890874,31.74856414,31.86821953,31.98787492,32.10753031,32.22718571,32.46649649,32.70580728,32.94511806,33.18442884,33.42373963,33.66305041,33.9023612,34.14439569,34.38372557,34.62305544,34.67785685,34.73210582,34.78579976,34.85395052,34.90822027,34.96056959,35.05691161,35.0950024,35.13254551,35.14851485,35.18074908,35.20364354
Europe,Luxembourg,LUX,,,,,,,,,,,33.67696527,33.75465146,33.83233766,33.91002385,33.98771004,34.06539624,34.14308243,34.22076863,34.29845482,34.37614102,34.45382721,34.45382721,34.45382721,34.45382721,34.45382721,34.45382721,34.45382721,34.45382721,34.45382721,34.45382721,34.45382721,34.45382721,34.45382721
Europe,Latvia,LVA,,,51.20928214,51.31855947,51.42783679,51.53711411,51.64639144,51.75566876,51.86494608,51.97422341,52.08350073,52.29421312,52.50492551,52.71563791,52.9263503,53.13706269,53.34777508,53.55848747,53.76919987,53.97991226,54.19062465,54.25271988,54.31481511,54.37691034,54.43900558,54.50110081,54.56329246,54.62548411,54.68767577,54.74986742,54.80941668,54.87160534,54.93379399
Europe,Monaco,MCO,0.0,0.0,0.0,0.0,0.0,0.0,0.0,0.0,0.0,0.0,0.0,0.0,0.0,0.0,0.0,0.0,0.0,0.0,0.0,0.0,0.0,0.0,0.0,0.0,0.0,0.0,0.0,0.0,0.0,0.0,0.0,0.0,0.0
Europe,Moldova,MDA,,,10.01521144,10.04855842,10.10928962,10.1700577,10.22775585,10.28857837,10.34943786,10.41033435,10.47445255,10.56599757,10.65754258,10.75235777,10.8406326,10.92885375,11.02037093,11.11188811,11.20340529,11.29492247,11.40030441,11.47275495,11.54169203,11.60705596,11.67944039,11.75182482,11.75486618,11.75129219,11.75297169,11.75275726,11.75322187,11.72277828,11.75129219
Europe,North Macedonia,MKD,,,36.22139206,36.40051121,36.57963036,36.75874951,36.93786866,37.11698781,37.29610696,37.47522611,37.65434526,37.66567047,37.67699567,37.68832088,37.69964609,37.71097129,37.7222965,38.0327388,38.04415379,38.07065821,38.08207772,38.35146709,38.62085646,38.89024584,39.15963521,39.42902458,39.71728787,39.71015067,39.71015067,39.71015067,39.71015067,39.71015067,39.71015067
Europe,Malta,MLT,1.09375,1.09375,1.09375,1.09375,1.09375,1.09375,1.09375,1.09375,1.09375,1.09375,1.09375,1.09375,1.09375,1.09375,1.09375,1.09375,1.09375,1.09375,1.09375,1.09375,1.09375,1.09375,1.09375,1.09375,1.09375,1.09375,1.1875,1.3125,1.4375,1.4375,1.4375,1.4375,1.4375
Europe,Montenegro,MNE,,,,,,,,,,,,,,,,,55.50929368,57.00371747,58.49814126,59.99256506,61.48698885,61.48698885,61.48698885,61.48698885,61.48698885,61.48698885,61.48698885,61.48698885,61.48698885,61.48698885,61.48698885,61.48698885,61.48698885
Europe,Netherlands,NLD,10.22896919,10.27094194,10.31291469,10.35488744,10.39686019,10.43883294,10.48080569,10.52277844,10.56475118,10.60672393,10.64869668,10.69010664,10.73151659,10.77292654,10.81433649,10.85574645,10.8971564,10.93856635,10.9799763,11.03118885,11.07263564,11.02461447,10.97330961,10.93173048,10.88037993,10.83546184,10.86308286,10.89100089,10.91862192,10.94653995,10.97416097,11.00198099,11.02966736
Europe,Norway,NOR,33.21615139,33.21094939,33.20574739,33.20054539,33.19534339,33.19014138,33.18493938,33.17973738,33.17453538,33.16933338,33.16413138,33.16111969,33.158108,33.15509632,33.15208463,33.14907295,33.14606126,33.14304958,33.14003789,33.13702621,33.13401452,33.15537011,33.1767257,33.2090866,33.23181086,33.24564399,33.27109973,33.29453362,33.31726503,33.33990698,33.43535968,33.45814918,33.47956186
Europe,Poland,POL,28.9986614,29.05644977,29.11423814,29.17202651,29.22981488,29.28760325,29.34539162,29.40317999,29.46096836,29.51875673,29.5765451,29.66469686,29.75284861,29.84587252,29.92524402,30.01338426,30.10250718,30.1906503,30.28077049,30.37090244,30.45905707,30.52346276,30.58389393,30.64432906,30.70577093,30.76521114,30.81420033,30.85339168,30.89460104,30.93985822,30.9770359,31.01927475,31.05949231
Europe,Portugal,PRT,37.14754098,37.01857923,36.88961749,36.76065574,36.63169399,36.50273224,36.37377049,36.24480874,36.11584699,35.98688525,35.8579235,35.82622951,35.79453552,35.76284153,35.73114754,35.71116213,35.67945775,35.64775336,35.61604898,35.53772246,35.50605961,35.63707828,35.76809695,35.8931589,36.02399853,36.15499489,36.15499489,36.15499489,36.15499489,36.15499489,36.15499489,36.15499489,36.15499489
Europe,Romania,ROU,27.77850447,27.7630088,27.76082977,27.75865075,27.75042482,27.75066452,27.74485884,27.7414717,27.73204408,27.72865854,27.7132036,27.778068,27.82355244,27.87866928,27.9373913,28.0046091,28.06939734,28.14519988,28.20878643,28.25393376,28.31993045,28.64053526,28.99480045,29.32911359,29.65824061,29.99374131,30.11582928,30.11582928,30.11582928,30.11582928,30.11582928,30.11582928,30.11582928
Europe,San Marino,SMR,16.66666667,16.66666667,16.66666667,16.66666667,16.66666667,16.66666667,16.66666667,16.66666667,16.66666667,16.66666667,16.66666667,16.66666667,16.66666667,16.66666667,16.66666667,16.66666667,16.66666667,16.66666667,16.66666667,16.66666667,16.66666667,16.66666667,16.66666667,16.66666667,16.66666667,16.66666667,16.66666667,16.66666667,16.66666667,16.66666667,16.66666667,16.66666667,16.66666667
Europe,Serbia,SRB,,,,,,,,,,,,,,,,,29.86279442,30.15206952,30.44134461,30.73061971,31.01989481,31.03482735,31.04975989,31.06469243,31.07962497,31.09455751,31.10198948,31.12119826,31.12279899,31.12531443,32.37780949,32.38125818,32.38581639
Europe,Slovenia,SVN,,,59.43396226,59.65739821,59.88083416,60.10427011,60.32770606,60.55114201,60.77457795,60.9980139,61.22144985,61.29096326,61.36047666,61.42999007,61.49950348,61.56901688,61.63853029,61.70804369,61.75854504,61.82926466,61.89752906,61.90807108,61.91892066,61.94637537,61.95630586,61.95823776,61.85929898,61.7699783,61.67438072,61.57307165,61.47225919,61.371114,61.27019229
Europe,Sweden,SWE,68.89335854,68.91790808,68.94245761,68.96700714,68.99155668,69.01610621,69.04065575,69.06520528,69.08975482,69.11430435,69.13885389,69.1167593,69.09466472,69.07257014,69.05047556,69.02838098,69.0062864,68.98419182,68.96209724,68.94000266,68.91790808,68.87224594,68.82658381,68.78092167,68.73525954,68.69449814,68.69449814,68.69449814,68.69449814,68.69966608,68.69966608,68.69966608,68.69966608
Europe,Ukraine,UKR,,,16.08906533,16.12980064,16.17053595,16.21127125,16.25200656,16.29274187,16.33347717,16.37421248,16.41494779,16.42150686,16.4283495,16.43490869,16.44146788,16.4468915,16.45401823,16.46142958,16.46827315,16.47483256,16.48139198,16.5190223,16.55665263,16.59428295,16.6327746,16.67040688,16.68249064,16.69428621,16.70348637,16.71384191,16.72419745,16.73455299,16.74490853
North America,Antigua and Barbuda,ATG,22.97727273,22.82727273,22.67727273,22.52727273,22.37727273,22.22727273,22.07727273,21.92727273,21.77727273,21.62727273,21.47727273,21.325,21.17272727,21.02045455,20.86818182,20.71590909,20.56363636,20.41136364,20.25909091,20.10681818,19.95454545,19.80454545,19.65454545,19.50454545,19.35454545,19.20454545,19.04545455,18.90909091,18.75,18.59090909,18.45454545,18.30295455,18.16159091
North America,Belize,BLZ,70.1459886,69.52902236,68.91205612,68.29508987,67.67812363,67.06115739,66.44419114,65.8272249,65.21025866,64.59329242,63.97632617,63.67860587,63.38088558,63.08316528,62.78544498,62.48772468,62.19000438,61.89228409,61.59456379,61.29684349,60.99912319,60.48566418,59.97220517,59.45874616,58.94528715,58.43182815,57.94300745,57.45374836,56.96492766,56.47566857,55.98640947,55.49715037,55.00789128
North America,Barbados,BRB,14.65116279,14.65116279,14.65116279,14.65116279,14.65116279,14.65116279,14.65116279,14.65116279,14.65116279,14.65116279,14.65116279,14.65116279,14.65116279,14.65116279,14.65116279,14.65116279,14.65116279,14.65116279,14.65116279,14.65116279,14.65116279,14.65116279,14.65116279,14.65116279,14.65116279,14.65116279,14.65116279,14.65116279,14.65116279,14.65116279,14.65116279,14.65116279,14.65116279
North America,Canada,CAN,38.84551156,38.84025859,38.83500562,38.82975264,38.82449967,38.8192467,38.81399372,38.80874075,38.80348778,38.79823481,38.79298183,38.78763071,38.78227958,38.77692846,38.77157733,38.7662262,38.76087508,38.75552395,38.75017283,38.7448217,38.73947058,38.73486407,38.73025757,38.72565107,38.72104457,38.71643807,38.71201338,38.7078876,38.70376294,38.69963717,38.69551251,39.47012793,39.46592
North America,Costa Rica,CRI,56.9408539,56.84257736,56.74430082,56.64602429,56.54774775,56.44947121,56.35119467,56.25291814,56.1546416,56.05636506,55.95808852,55.98546808,56.01284763,56.04022718,56.06760674,56.09498629,56.12236584,56.1497454,56.17712495,56.2045045,56.23188406,56.55240893,56.8729338,57.19345868,57.51398355,57.83450842,58.15511163,58.47571485,58.79612221,59.11672542,59.43732863,59.75793184,60.07853506
North America,Cuba,CUB,19.16201117,19.51303538,19.86405959,20.2150838,20.56610801,20.91713222,21.26815642,21.61918063,21.97020484,22.32122905,22.67225326,23.13500931,23.82178776,24.28665414,24.75143314,25.2113867,25.68072912,26.14524615,26.61217587,27.0791056,27.54603533,27.90863068,28.43720991,29.58357321,30.12497597,30.58597502,31.1514802,31.23314066,31.23314066,31.23314066,31.23314066,31.23314066,31.23314066
North America,Dominica,DMA,67.08,66.75466667,66.42933333,66.104,65.77866667,65.45333333,65.128,64.80266667,64.47733333,64.152,63.82666667,63.82666667,63.82666667,63.82666667,63.82666667,63.82666667,63.82666667,63.82666667,63.82666667,63.82666667,63.82666667,63.82666667,63.82666667,63.82666667,63.82666667,63.82666667,63.82666667,63.82666667,63.82666667,63.82666667,63.82666667,63.82666667,63.82666667
North America,Dominican Republic,DOM,33.01366177,33.79523908,34.57681639,35.35839371,36.13997102,36.92154833,37.70312565,38.48470296,39.26628027,40.04785759,40.8294349,41.03777686,41.24611882,41.45446077,41.66280273,41.87114469,42.07948665,42.28782861,42.49617057,42.70451252,42.91285448,43.03924653,43.16563858,43.29203064,43.41842269,43.54481474,43.71227489,43.87973504,44.0471952,44.31738067,44.48522989,44.65307911,44.82092833
North America,Grenada,GRD,52.05882353,52.05882353,52.05882353,52.05882353,52.05882353,52.05882353,52.05882353,52.05882353,52.05882353,52.05882353,52.05882353,52.05882353,52.05882353,52.05882353,52.05882353,52.05882353,52.05882353,52.05882353,52.05882353,52.05882353,52.05882353,52.05882353,52.05882353,52.05882353,52.05882353,52.05882353,52.05882353,52.05882353,52.05882353,52.05882353,52.05882353,52.05882353,52.05882353
North America,Guatemala,GTM,44.61739455,44.08361329,43.54983203,43.01605077,42.4822695,41.94848824,41.41470698,40.88092572,40.34714446,39.8133632,39.27958193,38.82549459,38.37140724,37.9173199,37.46323255,37.0091452,36.55505786,36.10097051,35.64688317,35.19279582,34.73870847,34.48338932,34.22807018,33.97275103,33.71743188,33.46211273,33.35386338,33.24561404,33.13736469,33.02911534,32.92086599,32.81261665,32.7043673
North America,Honduras,HND,62.45222987,62.26498347,62.07773706,61.89049066,61.70324426,61.51599786,61.32875145,61.14150505,60.95425865,60.76701224,60.57976584,60.3985164,60.21726696,60.03601752,59.85476808,59.67351863,59.49226919,59.31101975,59.12977031,58.94852087,58.76727143,58.56771829,58.36816516,58.16861203,57.9690589,57.76950576,57.58378765,57.39663956,57.20940209,57.02216463,56.83492716,56.6476897,56.46045223
North America,Haiti,HTI,13.89404935,13.88581277,13.8775762,13.86933962,13.86110305,13.85286647,13.8446299,13.83639332,13.82815675,13.81992017,13.8116836,13.80344702,13.79521045,13.78697388,13.7787373,13.77050073,13.76226415,13.75402758,13.745791,13.73755443,13.72931785,13.61661829,13.50391872,13.39121916,13.27851959,13.16582003,13.05297533,12.94013062,12.82728592,12.71444122,12.60159652,12.48875181,12.37590711
North America,Jamaica,JAM,48.13296399,48.13037858,48.12779317,48.12520776,48.12262235,48.12003693,48.11745152,48.11486611,48.1122807,48.10969529,48.10710988,48.45290859,48.79870729,49.144506,49.49030471,49.83610342,50.18190212,50.52770083,50.87349954,51.21929825,51.56509695,51.91615882,52.26722068,52.61828255,52.96934441,53.32040628,53.67867036,54.0378578,54.39704524,54.75530933,55.11449677,55.47306556,55.83204986
North America,Mexico,MEX,36.31351115,36.19980967,36.08610818,35.9724067,35.85870521,35.74500373,35.63130225,35.51760076,35.40389928,35.29019779,35.17649631,35.10252116,35.028546,34.95457085,34.88059569,34.80662054,34.73264539,34.65867023,34.58469508,34.51071993,34.43674477,34.37373904,34.3107333,34.24772757,34.18472183,34.12171609,34.05599424,33.99026724,33.92454024,33.85881839,33.79309139,33.72736783,33.66164197
North America,Nicaragua,NIC,53.1769985,52.34601961,51.51504072,50.68406182,49.85308293,49.02210404,48.19112515,47.36014625,46.52916736,45.69818847,44.86720957,43.86075287,42.85429616,41.84783945,40.84138275,39.83492604,38.82846934,37.82201263,36.81555592,35.80909922,34.80264251,34.33626392,33.86988532,33.40350673,32.93712814,32.47074954,31.63977065,30.80879176,29.97781286,29.14683397,28.31585508,27.48487618,26.65389729
North America,Panama,PAN,61.97740113,61.7550982,61.53279526,61.31049233,61.0881894,60.86588647,60.64358354,60.4212806,60.19897767,59.97667474,59.75437181,59.60082055,59.4472693,59.29371805,59.1401668,58.98661555,58.8330643,58.67951305,58.5259618,58.37241055,58.2188593,58.06529459,57.91172989,57.75816519,57.77558014,57.62155963,57.46762008,57.3135456,57.11337288,56.95942303,56.80560798,56.65170262,56.49785791
North America,El Salvador,SLV,34.69498069,34.47779923,34.26061776,34.04343629,33.82625483,33.60907336,33.39189189,33.17471042,32.95752896,32.74034749,32.52316602,32.30598456,32.08880309,31.87162162,31.65444015,31.43725869,31.22007722,31.00289575,30.78571429,30.56853282,30.35135135,30.13416988,29.91698842,29.69980695,29.48262548,29.26544402,29.04826255,28.83108108,28.61389961,28.39671815,28.17953668,27.96235521,27.74517375
North America,Trinidad and Tobago,TTO,47.18518519,47.0797271,46.97426901,46.86881092,46.76335283,46.65789474,46.55243665,46.44697856,46.34152047,46.23606238,46.13060429,46.04795322,45.96530214,45.88265107,45.8,45.71734893,45.63469786,45.55204678,45.46939571,45.38674464,45.30409357,45.2214425,45.13879142,45.05614035,44.97348928,44.89083821,44.80896686,44.72709552,44.64522417,44.56335283,44.48148148,44.39961014,44.31773879
North America,United States,USA,33.02230821,33.03416545,33.04602269,33.05787993,33.06973718,33.08159442,33.09345166,33.1053089,33.11716614,33.12902338,33.13017359,33.18675561,33.24333764,33.29991967,33.35650169,33.41308372,33.46966575,33.52624777,33.6360635,33.69273522,33.74940694,33.77947006,33.80953318,33.8395963,33.86965942,33.89972254,33.89972254,33.86692641,33.86692641,33.86692641,33.86692641,33.86692641,33.86692641
Oceania,Australia,AUS,17.42735899,17.40043867,17.37351835,17.34659802,17.3196777,17.29275738,17.26583705,17.23891673,17.21199641,17.18507608,17.15815576,17.12863335,17.09911094,17.06958853,17.04006613,17.01054372,16.98102131,16.9514989,16.92197649,16.89245408,16.86293167,16.95531026,17.04768884,17.14006743,17.23244601,17.3248246,17.42548771,17.42291362,17.42131456,17.42131456,17.42131456,17.42131456,17.42131456
Oceania,Fiji,FJI,51.43349754,51.79901478,52.16453202,52.53004926,52.8955665,53.26108374,53.62660099,53.99211823,54.35763547,54.72315271,55.08866995,55.45413246,55.81959496,56.18505747,56.55051998,56.91598248,57.28144499,57.6469075,58.01237001,58.37783251,58.74329502,59.10870279,59.47411056,59.83951834,60.20492611,60.57033388,60.93596059,61.3015873,61.66721401,62.03284072,62.39846743,62.76409414,63.12972085
Oceania,Kiribati,KIR,1.456790123,1.456790123,1.456790123,1.456790123,1.456790123,1.456790123,1.456790123,1.456790123,1.456790123,1.456790123,1.456790123,1.456790123,1.456790123,1.456790123,1.456790123,1.456790123,1.456790123,1.456790123,1.456790123,1.456790123,1.456790123,1.456790123,1.456790123,1.456790123,1.456790123,1.456790123,1.456790123,1.456790123,1.456790123,1.456790123,1.456790123,1.456790123,1.456790123
Oceania,Marshall Islands,MHL,,52.22222222,52.22222222,52.22222222,52.22222222,52.22222222,52.22222222,52.22222222,52.22222222,52.22222222,52.22222222,52.22222222,52.22222222,52.22222222,52.22222222,52.22222222,52.22222222,52.22222222,52.22222222,52.22222222,52.22222222,52.22222222,52.22222222,52.22222222,52.22222222,52.22222222,52.22222222,52.22222222,52.22222222,52.22222222,52.22222222,52.22222222,52.22222222
Oceania,Nauru,NRU,0.0,0.0,0.0,0.0,0.0,0.0,0.0,0.0,0.0,0.0,0.0,0.0,0.0,0.0,0.0,0.0,0.0,0.0,0.0,0.0,0.0,0.0,0.0,0.0,0.0,0.0,0.0,0.0,0.0,0.0,0.0,0.0,0.0
Oceania,New Zealand,NZL,35.59405264,35.77565227,35.95725191,36.13885154,36.32045118,36.50205081,36.68365045,36.86525009,37.04684972,37.22844936,37.41004899,37.4091679,37.40828681,37.40740572,37.40652463,37.40564354,37.40476245,37.40388136,37.40300027,37.40211918,37.40123808,37.40009115,37.39894421,37.39779727,37.39665034,37.3955034,37.39603509,37.41160609,37.42793665,37.46731989,37.57012647,37.63065094,37.71936349
Oceania,Palau,PLW,,83.24565217,83.55652174,83.8673913,84.17826087,84.48913043,84.8,85.11086957,85.42173913,85.7326087,86.04347826,86.25652174,86.46956522,86.6826087,86.89565217,87.10869565,87.32173913,87.53478261,87.74782609,87.96086957,88.17391304,88.36086957,88.54782609,88.73478261,88.92173913,89.10869565,89.30434783,89.47826087,89.67391304,89.84782609,90.02173913,90.19565217,90.36956522
Oceania,Papua New Guinea,PNG,80.37733516,80.35045842,80.32358168,80.29670516,80.26982842,80.24295168,80.21607517,80.18919843,80.16232169,80.13544495,80.10856843,80.08668948,80.06481054,80.04293159,80.02105264,79.9991737,79.97729475,79.9554158,79.93353685,79.91165791,79.88977896,79.82156163,79.7533443,79.68512719,79.61690986,79.54869253,79.47241973,79.39837919,79.32433865,79.25029811,79.17625756,79.10221702,79.02817648
Oceania,Solomon Islands,SLB,90.92211504,90.89599857,90.8698821,90.84376563,90.81764916,90.79153269,90.76541622,90.73929975,90.71318328,90.68706681,90.66095034,90.63479814,90.60864594,90.58249375,90.55634155,90.53018935,90.50403716,90.47788496,90.45173276,90.42558056,90.39942837,90.37327617,90.34712397,90.32097178,90.29481958,90.26866738,90.24258664,90.21650589,90.19042515,90.16434441,90.13826367,90.11218292,90.08610218
Oceania,Tonga,TON,12.43055556,12.43055556,12.43055556,12.43055556,12.43055556,12.43055556,12.43055556,12.43055556,12.43055556,12.43055556,12.43055556,12.43055556,12.43055556,12.43055556,12.43055556,12.43055556,12.43055556,12.43055556,12.43055556,12.43055556,12.43055556,12.43055556,12.43055556,12.43055556,12.43055556,12.43055556,12.43055556,12.43055556,12.43055556,12.43055556,12.43055556,12.43055556,12.43055556
Oceania,Tuvalu,TUV,33.33333333,33.33333333,33.33333333,33.33333333,33.33333333,33.33333333,33.33333333,33.33333333,33.33333333,33.33333333,33.33333333,33.33333333,33.33333333,33.33333333,33.33333333,33.33333333,33.33333333,33.33333333,33.33333333,33.33333333,33.33333333,33.33333333,33.33333333,33.33333333,33.33333333,33.33333333,33.33333333,33.33333333,33.33333333,33.33333333,33.33333333,33.33333333,33.33333333
Oceania,Vanuatu,VUT,36.28383921,36.28383921,36.28383921,36.28383921,36.28383921,36.28383921,36.28383921,36.28383921,36.28383921,36.28383921,36.28383921,36.28383921,36.28383921,36.28383921,36.28383921,36.28383921,36.28383921,36.28383921,36.28383921,36.28383921,36.28383921,36.28383921,36.28383921,36.28383921,36.28383921,36.28383921,36.28383921,36.28383921,36.28383921,36.28383921,36.28383921,36.28383921,36.28383921
Oceania,Samoa,WSM,62.23674912,62.0664311,61.89611307,61.72579505,61.55547703,61.38515901,61.21484099,61.04452297,60.87420495,60.70388693,60.5335689,60.36325088,60.19293286,60.02261484,59.85229682,59.6819788,59.51166078,59.34134276,59.17102473,59.00070671,58.83038869,58.65936396,58.48833922,58.31731449,58.14628975,57.97526502,57.80565371,58.67266187,58.5,58.32733813,58.15467626,57.98201439,57.80935252
South America,Argentina,ARG,12.86371493,12.79699199,12.73026905,12.66354611,12.59682317,12.53010023,12.46337729,12.39665435,12.32993141,12.26320847,12.19648554,12.08087142,11.9652573,11.84964318,11.73402906,11.61841495,11.50280083,11.38718671,11.27157259,11.15595848,11.04034436,10.9587129,10.87708144,10.79544998,10.71381852,10.63218706,10.60039683,10.55983688,10.52037315,10.48017861,10.44071488,10.40076395,10.3611378
South America,Bolivia,BOL,53.35984492,53.11029909,52.86075325,52.61120742,52.36166159,52.11211576,51.86256993,51.61302409,51.36347826,51.11393243,50.8643866,50.6783458,50.49230499,50.30626419,50.12022339,49.93418259,49.74814179,49.56210099,49.37606019,49.19001939,49.00397858,48.80850365,48.61302871,48.41755377,48.22207883,48.0266039,47.77132835,47.53274255,47.31213884,47.10953568,46.92491461,46.72830546,46.53968836
South America,Brazil,BRA,70.45802056,70.00565437,69.55328817,69.10092198,68.64855578,68.19618958,67.74382339,67.29145719,66.83909099,66.3867248,65.9343586,65.4616709,64.98898319,64.51629549,64.04360779,63.57092009,63.09823238,62.62554468,62.15285698,61.68016927,61.20748157,61.02332816,60.83917474,60.65502133,60.47086792,60.28671451,60.07103255,59.83288148,59.70842795,59.55852618,59.41747805,59.2705275,59.12751189
South America,Chile,CHL,20.50490093,20.5816979,20.65849486,20.73529182,20.81208879,20.88888575,20.96568271,21.04247968,21.11927664,21.19607361,21.27287057,21.3950173,21.51716402,21.63931075,21.76145748,21.8836042,22.00575093,22.12789766,22.25004438,22.37219111,22.49433784,22.72857658,22.96281532,23.19705406,23.4312928,23.66553154,23.83086404,23.99619653,24.16152903,24.32686152,24.49215367,24.65747271,24.82277373
South America,Colombia,COL,58.54721947,58.34689139,58.14656332,57.94623524,57.74590717,57.54557909,57.34525101,57.14492294,56.94459486,56.74426679,56.54393871,56.37019288,56.19644705,56.02270122,55.84895539,55.67520955,55.50146372,55.32771789,55.15397206,54.98022623,54.8064804,54.68514105,54.56380171,54.44246237,54.32112303,54.19978369,54.04190176,53.84386661,53.66424516,53.48463272,53.30501127,53.12539585,52.94577639
South America,Ecuador,ECU,52.85439243,52.52867721,52.202962,51.87724679,51.55153157,51.22581636,50.90010114,50.57438593,56.01079884,55.64773313,55.28466742,55.00188839,54.71910936,54.43633033,54.1535513,53.87077227,53.58799324,53.30521421,53.02243517,52.73965614,52.45687711,52.28856499,52.12025286,51.95194073,51.7836286,51.61531648,51.3565389,51.09776131,50.83898373,50.58020615,50.32142857,50.06265099,49.80387341
South America,Guyana,GUY,94.499111,94.47984252,94.46057404,94.44130556,94.42203708,94.40276861,94.38350013,94.36423165,94.34496317,94.32569469,94.30642621,94.28386589,94.26130556,94.23874524,94.21618491,94.19362459,94.17106426,94.14850394,94.12594361,94.10338329,94.08082296,94.02143764,93.96205232,93.90266701,93.84328169,93.78389637,93.73716027,93.69037338,93.64363729,93.59685039,93.5501143,93.50334417,93.4565969
South America,Peru,PER,59.72542188,59.63552266,59.54562344,59.45572422,59.365825,59.27592578,59.18602656,59.09612734,59.00622813,58.91632891,58.82642969,58.72892734,58.631425,58.53392266,58.43642031,58.33891797,58.24141563,58.14391328,58.04641094,57.94890859,57.85140625,57.71777031,57.58413438,57.45049844,57.3168625,57.18322656,57.03928125,56.90217188,56.77815625,56.643125,56.50810156,56.37307289,56.23804773
South America,Paraguay,PRY,64.298666,63.65577397,63.01288195,62.36998993,61.72709791,61.08420589,60.44131387,59.79842185,59.15552983,58.51263781,57.86974578,57.00857287,56.14739995,55.28622703,54.42505412,53.5638812,52.70270828,51.84153536,50.98036245,50.11918953,49.25801661,48.21534357,47.17267053,46.12999748,45.08732444,44.0446514,43.62730934,42.63848477,41.93538887,41.23231815,40.52922225,39.82614322,39.25029356
South America,Suriname,SUR,95.80623623,95.78333389,95.76043155,95.73752921,95.71462686,95.69172452,95.66882218,95.64591984,95.6230175,95.60011516,95.57721282,95.55166263,95.52611244,95.50056225,95.47501206,95.44946187,95.42391168,95.39836149,95.3728113,95.3472611,95.32171091,95.26166392,95.20161692,95.14156992,95.08152293,95.02147593,94.95076277,94.90528206,94.82902399,94.75270363,94.67644556,94.60014575,94.52387398
South America,Uruguay,URY,4.559478917,4.885727345,5.211975774,5.538224203,5.864472632,6.19072106,6.516969489,6.843217918,7.169466347,7.495714775,7.821963204,8.028968118,8.235973032,8.442977945,8.649982859,8.856987773,9.063992687,9.2709976,9.478002514,9.685007428,9.892012341,10.10764484,10.32327734,10.53890984,10.75454234,10.97017484,11.12444292,11.24442921,11.3644155,11.48440178,11.60438807,11.72437436,11.84436064
